{"cameraMode":{"drawMode":0,"name":"Shaded","section":"Shading Mode"},"sceneLighting":false,"audioPlay":false,"sceneViewState":{"m_AlwaysRefresh":false,"showFog":true,"showSkybox":true,"showFlares":true,"showImageEffects":true,"showParticleSystems":true,"showVisualEffectGraphs":true,"m_FxEnabled":true},"in2DMode":false,"pivot":{"x":0.15416577458381654,"y":3.0493075847625734,"z":-2.9947621822357179},"rotation":{"x":-0.038878705352544788,"y":-0.14576983451843263,"z":0.005733382422477007,"w":-0.9885460734367371},"size":1.2742112874984742,"orthographic":false}